"","year","month","country","value"
"1",2010,"01","EA",1
"2",2010,"01","GB",0.5
"3",2010,"01","USA",0.25
"4",2010,"01","JP",0.1
"5",2010,"02","EA",1
"6",2010,"02","GB",0.5
"7",2010,"02","USA",0.25
"8",2010,"02","JP",0.1
"9",2010,"03","EA",1
"10",2010,"03","GB",0.5
"11",2010,"03","USA",0.25
"12",2010,"03","JP",0.1
"13",2010,"04","EA",1
"14",2010,"04","GB",0.5
"15",2010,"04","USA",0.25
"16",2010,"04","JP",0.1
"17",2010,"05","EA",1
"18",2010,"05","GB",0.5
"19",2010,"05","USA",0.25
"20",2010,"05","JP",0.1
"21",2010,"06","EA",1
"22",2010,"06","GB",0.5
"23",2010,"06","USA",0.25
"24",2010,"06","JP",0.1
"25",2010,"07","EA",1
"26",2010,"07","GB",0.5
"27",2010,"07","USA",0.25
"28",2010,"07","JP",0.1
"29",2010,"08","EA",1
"30",2010,"08","GB",0.5
"31",2010,"08","USA",0.25
"32",2010,"08","JP",0.1
"33",2010,"09","EA",1
"34",2010,"09","GB",0.5
"35",2010,"09","USA",0.25
"36",2010,"09","JP",0.1
"37",2010,"10","EA",1
"38",2010,"10","GB",0.5
"39",2010,"10","USA",0.25
"40",2010,"10","JP",0.1
"41",2010,"11","EA",1
"42",2010,"11","GB",0.5
"43",2010,"11","USA",0.25
"44",2010,"11","JP",0.1
"45",2010,"12","EA",1
"46",2010,"12","GB",0.5
"47",2010,"12","USA",0.25
"48",2010,"12","JP",0.1
"49",2011,"01","EA",1
"50",2011,"01","GB",0.5
"51",2011,"01","USA",0.25
"52",2011,"01","JP",0.1
"53",2011,"02","EA",1
"54",2011,"02","GB",0.5
"55",2011,"02","USA",0.25
"56",2011,"02","JP",0.1
"57",2011,"03","EA",1
"58",2011,"03","GB",0.5
"59",2011,"03","USA",0.25
"60",2011,"03","JP",0.1
"61",2011,"04","EA",1
"62",2011,"04","GB",0.5
"63",2011,"04","USA",0.25
"64",2011,"04","JP",0.1
"65",2011,"05","EA",1.25
"66",2011,"05","GB",0.5
"67",2011,"05","USA",0.25
"68",2011,"05","JP",0.1
"69",2011,"06","EA",1.25
"70",2011,"06","GB",0.5
"71",2011,"06","USA",0.25
"72",2011,"06","JP",0.1
"73",2011,"07","EA",1.25
"74",2011,"07","GB",0.5
"75",2011,"07","USA",0.25
"76",2011,"07","JP",0.1
"77",2011,"08","EA",1.5
"78",2011,"08","GB",0.5
"79",2011,"08","USA",0.25
"80",2011,"08","JP",0.1
"81",2011,"09","EA",1.5
"82",2011,"09","GB",0.5
"83",2011,"09","USA",0.25
"84",2011,"09","JP",0.1
"85",2011,"10","EA",1.5
"86",2011,"10","GB",0.5
"87",2011,"10","USA",0.25
"88",2011,"10","JP",0.1
"89",2011,"11","EA",1.5
"90",2011,"11","GB",0.5
"91",2011,"11","USA",0.25
"92",2011,"11","JP",0.1
"93",2011,"12","EA",1.25
"94",2011,"12","GB",0.5
"95",2011,"12","USA",0.25
"96",2011,"12","JP",0.1
"97",2012,"01","EA",1
"98",2012,"01","GB",0.5
"99",2012,"01","USA",0.25
"100",2012,"01","JP",0.1
"101",2012,"02","EA",1
"102",2012,"02","GB",0.5
"103",2012,"02","USA",0.25
"104",2012,"02","JP",0.1
"105",2012,"03","EA",1
"106",2012,"03","GB",0.5
"107",2012,"03","USA",0.25
"108",2012,"03","JP",0.1
"109",2012,"04","EA",1
"110",2012,"04","GB",0.5
"111",2012,"04","USA",0.25
"112",2012,"04","JP",0.1
"113",2012,"05","EA",1
"114",2012,"05","GB",0.5
"115",2012,"05","USA",0.25
"116",2012,"05","JP",0.1
"117",2012,"06","EA",1
"118",2012,"06","GB",0.5
"119",2012,"06","USA",0.25
"120",2012,"06","JP",0.1
"121",2012,"07","EA",0.75
"122",2012,"07","GB",0.5
"123",2012,"07","USA",0.25
"124",2012,"07","JP",0.1
"125",2012,"08","EA",0.75
"126",2012,"08","GB",0.5
"127",2012,"08","USA",0.25
"128",2012,"08","JP",0.1
"129",2012,"09","EA",0.75
"130",2012,"09","GB",0.5
"131",2012,"09","USA",0.25
"132",2012,"09","JP",0.1
"133",2012,"10","EA",0.75
"134",2012,"10","GB",0.5
"135",2012,"10","USA",0.25
"136",2012,"10","JP",0.1
"137",2012,"11","EA",0.75
"138",2012,"11","GB",0.5
"139",2012,"11","USA",0.25
"140",2012,"11","JP",0.1
"141",2012,"12","EA",0.75
"142",2012,"12","GB",0.5
"143",2012,"12","USA",0.25
"144",2012,"12","JP",0.1
"145",2013,"01","EA",0.75
"146",2013,"01","GB",0.5
"147",2013,"01","USA",0.25
"148",2013,"01","JP",0.1
"149",2013,"02","EA",0.75
"150",2013,"02","GB",0.5
"151",2013,"02","USA",0.25
"152",2013,"02","JP",0.1
"153",2013,"03","EA",0.75
"154",2013,"03","GB",0.5
"155",2013,"03","USA",0.25
"156",2013,"03","JP",0.1
"157",2013,"04","EA",0.75
"158",2013,"04","GB",0.5
"159",2013,"04","USA",0.25
"160",2013,"04","JP",0.1
"161",2013,"05","EA",0.5
"162",2013,"05","GB",0.5
"163",2013,"05","USA",0.25
"164",2013,"05","JP",0.1
"165",2013,"06","EA",0.5
"166",2013,"06","GB",0.5
"167",2013,"06","USA",0.25
"168",2013,"06","JP",0.1
"169",2013,"07","EA",0.5
"170",2013,"07","GB",0.5
"171",2013,"07","USA",0.25
"172",2013,"07","JP",0.1
"173",2013,"08","EA",0.5
"174",2013,"08","GB",0.5
"175",2013,"08","USA",0.25
"176",2013,"08","JP",0.1
"177",2013,"09","EA",0.5
"178",2013,"09","GB",0.5
"179",2013,"09","USA",0.25
"180",2013,"09","JP",0.1
"181",2013,"10","EA",0.5
"182",2013,"10","GB",0.5
"183",2013,"10","USA",0.25
"184",2013,"10","JP",0.1
"185",2013,"11","EA",0.25
"186",2013,"11","GB",0.5
"187",2013,"11","USA",0.25
"188",2013,"11","JP",0.1
"189",2013,"12","EA",0.25
"190",2013,"12","GB",0.5
"191",2013,"12","USA",0.25
"192",2013,"12","JP",0.1
"193",2014,"01","EA",0.25
"194",2014,"01","GB",0.5
"195",2014,"01","USA",0.25
"196",2014,"01","JP",0.1
"197",2014,"02","EA",0.25
"198",2014,"02","GB",0.5
"199",2014,"02","USA",0.25
"200",2014,"02","JP",0.1
"201",2014,"03","EA",0.25
"202",2014,"03","GB",0.5
"203",2014,"03","USA",0.25
"204",2014,"03","JP",0.1
"205",2014,"04","EA",0.25
"206",2014,"04","GB",0.5
"207",2014,"04","USA",0.25
"208",2014,"04","JP",0.1
"209",2014,"05","EA",0.25
"210",2014,"05","GB",0.5
"211",2014,"05","USA",0.25
"212",2014,"05","JP",0.1
"213",2014,"06","EA",0.15
"214",2014,"06","GB",0.5
"215",2014,"06","USA",0.25
"216",2014,"06","JP",0.1
"217",2014,"07","EA",0.15
"218",2014,"07","GB",0.5
"219",2014,"07","USA",0.25
"220",2014,"07","JP",0.1
"221",2014,"08","EA",0.15
"222",2014,"08","GB",0.5
"223",2014,"08","USA",0.25
"224",2014,"08","JP",0.1
"225",2014,"09","EA",0.05
"226",2014,"09","GB",0.5
"227",2014,"09","USA",0.25
"228",2014,"09","JP",0.1
"229",2014,"10","EA",0.05
"230",2014,"10","GB",0.5
"231",2014,"10","USA",0.25
"232",2014,"10","JP",0.1
"233",2014,"11","EA",0.05
"234",2014,"11","GB",0.5
"235",2014,"11","USA",0.25
"236",2014,"11","JP",0.1
"237",2014,"12","EA",0.05
"238",2014,"12","GB",0.5
"239",2014,"12","USA",0.25
"240",2014,"12","JP",0.1
"241",2015,"01","EA",0.05
"242",2015,"01","GB",0.5
"243",2015,"01","USA",0.25
"244",2015,"01","JP",0.1
"245",2015,"02","EA",0.05
"246",2015,"02","GB",0.5
"247",2015,"02","USA",0.25
"248",2015,"02","JP",0.1
"249",2015,"03","EA",0.05
"250",2015,"03","GB",0.5
"251",2015,"03","USA",0.25
"252",2015,"03","JP",0.1
"253",2015,"04","EA",0.05
"254",2015,"04","GB",0.5
"255",2015,"04","USA",0.25
"256",2015,"04","JP",0.1
"257",2015,"05","EA",0.05
"258",2015,"05","GB",0.5
"259",2015,"05","USA",0.25
"260",2015,"05","JP",0.1
"261",2015,"06","EA",0.05
"262",2015,"06","GB",0.5
"263",2015,"06","USA",0.25
"264",2015,"06","JP",0.1
"265",2015,"07","EA",0.05
"266",2015,"07","GB",0.5
"267",2015,"07","USA",0.25
"268",2015,"07","JP",0.1
"269",2015,"08","EA",0.05
"270",2015,"08","GB",0.5
"271",2015,"08","USA",0.25
"272",2015,"08","JP",0.1
"273",2015,"09","EA",0.05
"274",2015,"09","GB",0.5
"275",2015,"09","USA",0.25
"276",2015,"09","JP",0.1
"277",2015,"10","EA",0.05
"278",2015,"10","GB",0.5
"279",2015,"10","USA",0.25
"280",2015,"10","JP",0.1
"281",2015,"11","EA",0.05
"282",2015,"11","GB",0.5
"283",2015,"11","USA",0.25
"284",2015,"11","JP",0.1
"285",2015,"12","EA",0.05
"286",2015,"12","GB",0.5
"287",2015,"12","USA",0.5
"288",2015,"12","JP",0.1
"289",2016,"01","EA",0.05
"290",2016,"01","GB",0.5
"291",2016,"01","USA",0.5
"292",2016,"01","JP",-0.1
"293",2016,"02","EA",0.05
"294",2016,"02","GB",0.5
"295",2016,"02","USA",0.5
"296",2016,"02","JP",-0.1
"297",2016,"03","EA",0
"298",2016,"03","GB",0.5
"299",2016,"03","USA",0.5
"300",2016,"03","JP",-0.1
"301",2016,"04","EA",0
"302",2016,"04","GB",0.5
"303",2016,"04","USA",0.5
"304",2016,"04","JP",-0.1
"305",2016,"05","EA",0
"306",2016,"05","GB",0.5
"307",2016,"05","USA",0.5
"308",2016,"05","JP",-0.1
"309",2016,"06","EA",0
"310",2016,"06","GB",0.5
"311",2016,"06","USA",0.5
"312",2016,"06","JP",-0.1
"313",2016,"07","EA",0
"314",2016,"07","GB",0.5
"315",2016,"07","USA",0.5
"316",2016,"07","JP",-0.1
"317",2016,"08","EA",0
"318",2016,"08","GB",0.25
"319",2016,"08","USA",0.5
"320",2016,"08","JP",-0.1
"321",2016,"09","EA",0
"322",2016,"09","GB",0.25
"323",2016,"09","USA",0.5
"324",2016,"09","JP",-0.1
"325",2016,"10","EA",0
"326",2016,"10","GB",0.25
"327",2016,"10","USA",0.5
"328",2016,"10","JP",-0.1
"329",2016,"11","EA",0
"330",2016,"11","GB",0.25
"331",2016,"11","USA",0.5
"332",2016,"11","JP",-0.1
"333",2016,"12","EA",0
"334",2016,"12","GB",0.25
"335",2016,"12","USA",0.75
"336",2016,"12","JP",-0.1
"337",2017,"01","EA",0
"338",2017,"01","GB",0.25
"339",2017,"01","USA",0.75
"340",2017,"01","JP",-0.1
"341",2017,"02","EA",0
"342",2017,"02","GB",0.25
"343",2017,"02","USA",0.75
"344",2017,"02","JP",-0.1
"345",2017,"03","EA",0
"346",2017,"03","GB",0.25
"347",2017,"03","USA",1
"348",2017,"03","JP",-0.1
"349",2017,"04","EA",0
"350",2017,"04","GB",0.25
"351",2017,"04","USA",1
"352",2017,"04","JP",-0.1
"353",2017,"05","EA",0
"354",2017,"05","GB",0.25
"355",2017,"05","USA",1
"356",2017,"05","JP",-0.1
"357",2017,"06","EA",0
"358",2017,"06","GB",0.25
"359",2017,"06","USA",1.25
"360",2017,"06","JP",-0.1
"361",2017,"07","EA",0
"362",2017,"07","GB",0.25
"363",2017,"07","USA",1.25
"364",2017,"07","JP",-0.1
"365",2017,"08","EA",0
"366",2017,"08","GB",0.25
"367",2017,"08","USA",1.25
"368",2017,"08","JP",-0.1
"369",2017,"09","EA",0
"370",2017,"09","GB",0.25
"371",2017,"09","USA",1.25
"372",2017,"09","JP",-0.1
"373",2017,"10","EA",0
"374",2017,"10","GB",0.25
"375",2017,"10","USA",1.25
"376",2017,"10","JP",-0.1
"377",2017,"11","EA",0
"378",2017,"11","GB",0.5
"379",2017,"11","USA",1.25
"380",2017,"11","JP",-0.1
"381",2017,"12","EA",0
"382",2017,"12","GB",0.5
"383",2017,"12","USA",1.5
"384",2017,"12","JP",-0.1
"385",2018,"01","EA",0
"386",2018,"01","GB",0.5
"387",2018,"01","USA",1.5
"388",2018,"01","JP",-0.1
"389",2018,"02","EA",0
"390",2018,"02","GB",0.5
"391",2018,"02","USA",1.5
"392",2018,"02","JP",-0.1
"393",2018,"03","EA",0
"394",2018,"03","GB",0.5
"395",2018,"03","USA",1.75
"396",2018,"03","JP",-0.1
"397",2018,"04","EA",0
"398",2018,"04","GB",0.5
"399",2018,"04","USA",1.75
"400",2018,"04","JP",-0.1
"401",2018,"05","EA",0
"402",2018,"05","GB",0.5
"403",2018,"05","USA",1.75
"404",2018,"05","JP",-0.1
"405",2018,"06","EA",0
"406",2018,"06","GB",0.5
"407",2018,"06","USA",2
"408",2018,"06","JP",-0.1
"409",2018,"07","EA",0
"410",2018,"07","GB",0.5
"411",2018,"07","USA",2
"412",2018,"07","JP",-0.1
"413",2018,"08","EA",0
"414",2018,"08","GB",0.75
"415",2018,"08","USA",2
"416",2018,"08","JP",-0.1
"417",2018,"09","EA",0
"418",2018,"09","GB",0.75
"419",2018,"09","USA",2.25
"420",2018,"09","JP",-0.1
"421",2018,"10","EA",0
"422",2018,"10","GB",0.75
"423",2018,"10","USA",2.25
"424",2018,"10","JP",-0.1
"425",2018,"11","EA",0
"426",2018,"11","GB",0.75
"427",2018,"11","USA",2.25
"428",2018,"11","JP",-0.1
"429",2018,"12","EA",0
"430",2018,"12","GB",0.75
"431",2018,"12","USA",2.5
"432",2018,"12","JP",-0.1
"433",2019,"01","EA",0
"434",2019,"01","GB",0.75
"435",2019,"01","USA",2.5
"436",2019,"01","JP",-0.1
"437",2019,"02","EA",0
"438",2019,"02","GB",0.75
"439",2019,"02","USA",2.5
"440",2019,"02","JP",-0.1
"441",2019,"03","EA",0
"442",2019,"03","GB",0.75
"443",2019,"03","USA",2.5
"444",2019,"03","JP",-0.1
"445",2019,"04","EA",0
"446",2019,"04","GB",0.75
"447",2019,"04","USA",2.5
"448",2019,"04","JP",-0.1
"449",2019,"05","EA",0
"450",2019,"05","GB",0.75
"451",2019,"05","USA",2.5
"452",2019,"05","JP",-0.1
"453",2019,"06","EA",0
"454",2019,"06","GB",0.75
"455",2019,"06","USA",2.5
"456",2019,"06","JP",-0.1
"457",2019,"07","EA",0
"458",2019,"07","GB",0.75
"459",2019,"07","USA",2.5
"460",2019,"07","JP",-0.1
"461",2019,"08","EA",0
"462",2019,"08","GB",0.75
"463",2019,"08","USA",2.25
"464",2019,"08","JP",-0.1
"465",2019,"09","EA",0
"466",2019,"09","GB",0.75
"467",2019,"09","USA",2
"468",2019,"09","JP",-0.1
"469",2019,"10","EA",0
"470",2019,"10","GB",0.75
"471",2019,"10","USA",1.75
"472",2019,"10","JP",-0.1
"473",2019,"11","EA",0
"474",2019,"11","GB",0.75
"475",2019,"11","USA",1.75
"476",2019,"11","JP",-0.1
"477",2019,"12","EA",0
"478",2019,"12","GB",0.75
"479",2019,"12","USA",1.75
"480",2019,"12","JP",-0.1
"481",2020,"01","EA",0
"482",2020,"01","GB",0.75
"483",2020,"01","USA",1.75
"484",2020,"01","JP",-0.1
"485",2020,"02","EA",0
"486",2020,"02","GB",0.75
"487",2020,"02","USA",1.75
"488",2020,"02","JP",-0.1
"489",2020,"03","EA",0
"490",2020,"03","GB",0.1
"491",2020,"03","USA",0.25
"492",2020,"03","JP",-0.1
"493",2020,"04","EA",0
"494",2020,"04","GB",0.1
"495",2020,"04","USA",0.25
"496",2020,"04","JP",-0.1
"497",2020,"05","EA",0
"498",2020,"05","GB",0.1
"499",2020,"05","USA",0.25
"500",2020,"05","JP",-0.1
"501",2020,"06","EA",0
"502",2020,"06","GB",0.1
"503",2020,"06","USA",0.25
"504",2020,"06","JP",-0.1
"505",2020,"07","EA",0
"506",2020,"07","GB",0.1
"507",2020,"07","USA",0.25
"508",2020,"07","JP",-0.1
"509",2020,"08","EA",0
"510",2020,"08","GB",0.1
"511",2020,"08","USA",0.25
"512",2020,"08","JP",-0.1
"513",2020,"09","EA",0
"514",2020,"09","GB",0.1
"515",2020,"09","USA",0.25
"516",2020,"09","JP",-0.1
"517",2020,"10","EA",0
"518",2020,"10","GB",0.1
"519",2020,"10","USA",0.25
"520",2020,"10","JP",-0.1
"521",2020,"11","EA",0
"522",2020,"11","GB",0.1
"523",2020,"11","USA",0.25
"524",2020,"11","JP",-0.1
"525",2020,"12","EA",0
"526",2020,"12","GB",0.1
"527",2020,"12","USA",0.25
"528",2020,"12","JP",-0.1
"529",2021,"01","EA",0
"530",2021,"01","GB",0.1
"531",2021,"01","USA",0.25
"532",2021,"01","JP",-0.1
"533",2021,"02","EA",0
"534",2021,"02","GB",0.1
"535",2021,"02","USA",0.25
"536",2021,"02","JP",-0.1
"537",2021,"03","EA",0
"538",2021,"03","GB",0.1
"539",2021,"03","USA",0.25
"540",2021,"03","JP",-0.1
"541",2021,"04","EA",0
"542",2021,"04","GB",0.1
"543",2021,"04","USA",0.25
"544",2021,"04","JP",-0.1
"545",2021,"05","EA",0
"546",2021,"05","GB",0.1
"547",2021,"05","USA",0.25
"548",2021,"05","JP",-0.1
"549",2021,"06","EA",0
"550",2021,"06","GB",0.1
"551",2021,"06","USA",0.25
"552",2021,"06","JP",-0.1
"553",2021,"07","EA",0
"554",2021,"07","GB",0.1
"555",2021,"07","USA",0.25
"556",2021,"07","JP",-0.1
"557",2021,"08","EA",0
"558",2021,"08","GB",0.1
"559",2021,"08","USA",0.25
"560",2021,"08","JP",-0.1
"561",2021,"09","EA",0
"562",2021,"09","GB",0.1
"563",2021,"09","USA",0.25
"564",2021,"09","JP",-0.1
"565",2021,"10","EA",0
"566",2021,"10","GB",0.1
"567",2021,"10","USA",0.25
"568",2021,"10","JP",-0.1
"569",2021,"11","EA",0
"570",2021,"11","GB",0.1
"571",2021,"11","USA",0.25
"572",2021,"11","JP",-0.1
"573",2021,"12","EA",0
"574",2021,"12","GB",0.25
"575",2021,"12","USA",0.25
"576",2021,"12","JP",-0.1
"577",2022,"01","EA",0
"578",2022,"01","GB",0.25
"579",2022,"01","USA",0.25
"580",2022,"01","JP",-0.1
"581",2022,"02","EA",0
"582",2022,"02","GB",0.5
"583",2022,"02","USA",0.25
"584",2022,"02","JP",-0.1
"585",2022,"03","EA",0
"586",2022,"03","GB",0.75
"587",2022,"03","USA",0.5
"588",2022,"03","JP",-0.1
"589",2022,"04","EA",0
"590",2022,"04","GB",0.75
"591",2022,"04","USA",0.5
"592",2022,"04","JP",-0.1
"593",2022,"05","EA",0
"594",2022,"05","GB",1
"595",2022,"05","USA",1
"596",2022,"05","JP",-0.1
"597",2022,"06","EA",0
"598",2022,"06","GB",1.25
"599",2022,"06","USA",1.75
"600",2022,"06","JP",-0.1
"601",2022,"07","EA",0.5
"602",2022,"07","GB",1.25
"603",2022,"07","USA",2.5
"604",2022,"07","JP",-0.1
"605",2022,"08","EA",0.5
"606",2022,"08","GB",1.75
"607",2022,"08","USA",2.5
"608",2022,"08","JP",-0.1
"609",2022,"09","EA",1.25
"610",2022,"09","GB",2.25
"611",2022,"09","USA",3.25
"612",2022,"09","JP",-0.1
"613",2022,"10","EA",1.25
"614",2022,"10","GB",2.25
"615",2022,"10","USA",3.25
"616",2022,"10","JP",-0.1
"617",2022,"11","EA",2
"618",2022,"11","GB",3
"619",2022,"11","USA",4
"620",2022,"11","JP",-0.1
"621",2022,"12","EA",2.5
"622",2022,"12","GB",3.5
"623",2022,"12","USA",4.5
"624",2022,"12","JP",-0.1
"625",2023,"01","EA",2.5
"626",2023,"01","GB",3.5
"627",2023,"01","USA",4.5
"628",2023,"01","JP",-0.1
"629",2023,"02","EA",3
"630",2023,"02","GB",4
"631",2023,"02","USA",4.75
"632",2023,"02","JP",-0.1
"633",2023,"03","EA",3.5
"634",2023,"03","GB",4.25
"635",2023,"03","USA",5
"636",2023,"03","JP",-0.1
"637",2023,"04","EA",3.5
"638",2023,"04","GB",4.25
"639",2023,"04","USA",5
"640",2023,"04","JP",-0.1
"641",2023,"05","EA",3.75
"642",2023,"05","GB",4.5
"643",2023,"05","USA",5.25
"644",2023,"05","JP",-0.1
"645",2023,"06","EA",4
"646",2023,"06","GB",5
"647",2023,"06","USA",5.25
"648",2023,"06","JP",-0.1
"649",2023,"07","EA",4
"650",2023,"07","GB",5
"651",2023,"07","USA",5.5
"652",2023,"07","JP",-0.1
"653",2023,"08","EA",4.25
"654",2023,"08","GB",5.25
"655",2023,"08","USA",5.5
"656",2023,"08","JP",-0.1
"657",2023,"09","EA",4.5
"658",2023,"09","GB",5.25
"659",2023,"09","USA",5.5
"660",2023,"09","JP",-0.1
"661",2023,"10","EA",4.5
"662",2023,"10","GB",5.25
"663",2023,"10","USA",5.5
"664",2023,"10","JP",-0.1
"665",2023,"11","EA",4.5
"666",2023,"11","GB",5.25
"667",2023,"11","USA",5.5
"668",2023,"11","JP",-0.1
"669",2023,"12","EA",4.5
"670",2023,"12","GB",5.25
"671",2023,"12","USA",5.5
"672",2023,"12","JP",-0.1
"673",2024,"01","EA",4.5
"674",2024,"01","GB",5.25
"675",2024,"01","USA",5.5
"676",2024,"01","JP",-0.1
"677",2024,"02","EA",4.5
"678",2024,"02","GB",5.25
"679",2024,"02","USA",5.5
"680",2024,"02","JP",-0.1
"681",2024,"03","EA",4.5
"682",2024,"03","GB",5.25
"683",2024,"03","USA",5.5
"684",2024,"03","JP",0.1
"685",2024,"04","EA",4.5
"686",2024,"04","GB",5.25
"687",2024,"04","USA",5.5
"688",2024,"04","JP",0.1
"689",2024,"05","EA",4.5
"690",2024,"05","GB",5.25
"691",2024,"05","USA",5.5
"692",2024,"05","JP",0.1
"693",2024,"06","EA",4.25
"694",2024,"06","GB",5.25
"695",2024,"06","USA",5.5
"696",2024,"06","JP",0.1
"697",2024,"07","EA",4.25
"698",2024,"07","GB",5.25
"699",2024,"07","USA",5.5
"700",2024,"07","JP",0.1
"701",2024,"08","EA",4.25
"702",2024,"08","GB",5
"703",2024,"08","USA",5.5
"704",2024,"08","JP",0.25
"705",2024,"09","EA",3.65
"706",2024,"09","GB",5
"707",2024,"09","USA",5
"708",2024,"09","JP",0.25
"709",2024,"10","EA",3.4
"710",2024,"10","GB",5
"711",2024,"10","USA",5
"712",2024,"10","JP",0.25
"713",2024,"11","EA",3.4
"714",2024,"11","GB",4.75
"715",2024,"11","USA",4.75
"716",2024,"11","JP",0.25
"717",2024,"12","EA",3.15
"718",2024,"12","GB",4.75
"719",2024,"12","USA",4.5
"720",2024,"12","JP",0.25
"721",2025,"01","EA",3.15
"722",2025,"01","GB",4.75
"723",2025,"01","USA",4.5
"724",2025,"01","JP",0.5
"725",2025,"02","EA",2.9
"726",2025,"02","GB",4.5
"727",2025,"02","USA",4.5
"728",2025,"02","JP",0.5
"729",2025,"03","EA",2.65
"730",2025,"03","GB",4.5
"731",2025,"03","USA",4.5
"732",2025,"03","JP",0.5
"733",2025,"04","EA",2.4
"734",2025,"04","GB",4.5
"735",2025,"04","USA",4.5
"736",2025,"04","JP",0.5
"737",2025,"05","EA",2.4
"738",2025,"05","GB",4.25
"739",2025,"05","USA",4.5
"740",2025,"05","JP",0.5
"741",2025,"06","EA",2.15
"742",2025,"06","GB",4.25
"743",2025,"06","USA",4.5
"744",2025,"06","JP",0.5
"745",2025,"07","EA",2.15
"746",2025,"07","GB",4.25
"747",2025,"07","USA",4.5
"748",2025,"07","JP",0.5
"749",2025,"08","EA",2.15
"750",2025,"08","GB",4
"751",2025,"08","USA",4.5
"752",2025,"08","JP",0.5
"753",2025,"09","EA",2.15
"754",2025,"09","GB",4
"755",2025,"09","USA",4.25
"756",2025,"09","JP",0.5
"757",2025,"10","EA",2.15
"758",2025,"10","GB",4
"759",2025,"10","USA",4
"760",2025,"10","JP",0.5
"761",2025,"11","EA",2.15
"762",2025,"11","GB",4
"763",2025,"11","USA",4
"764",2025,"11","JP",0.5
"765",2025,"12","EA",2.15
"766",2025,"12","GB",3.75
"767",2025,"12","USA",3.75
"768",2025,"12","JP",0.75
"769",2026,"01","EA",2.15
"770",2026,"01","GB",3.75
"771",2026,"01","USA",3.75
"772",2026,"01","JP",0.75
"773",2026,"02","EA",2.15
"774",2026,"02","GB",3.75
"775",2026,"02","USA",3.75
"776",2026,"02","JP",0.75
"777",2026,"03","EA",2.15
"778",2026,"03","GB",3.75
"779",2026,"03","USA",3.75
"780",2026,"03","JP",0.75
"781",2026,"04","EA",2.15
"782",2026,"04","GB",3.75
"783",2026,"04","USA",3.75
"784",2026,"04","JP",0.75
"785",2026,"05","EA",2.15
"786",2026,"05","GB",3.75
"787",2026,"05","USA",3.75
"788",2026,"05","JP",0.75
"789",2026,"06","EA",2.4
"790",2026,"06","GB",3.75
"791",2026,"06","USA",3.75
"792",2026,"06","JP",1
"793",2026,"07","EA",2.4
"794",2026,"07","GB",3.75
"795",2026,"07","USA",3.75
"796",2026,"07","JP",1
"797",2026,"08","EA",2.4
"798",2026,"08","GB",3.75
"799",2026,"08","USA",3.75
"800",2026,"08","JP",1
"801",2026,"09","EA",2.65
"802",2026,"09","GB",3.75
"803",2026,"09","USA",4
"804",2026,"09","JP",1.25
