observation_date,BOEPRUKA
1695-01-01,3.63
1696-01-01,3.00
1697-01-01,3.00
1698-01-01,3.00
1699-01-01,3.75
1700-01-01,4.50
1701-01-01,4.50
1702-01-01,4.50
1703-01-01,4.50
1704-01-01,4.50
1705-01-01,4.50
1706-01-01,4.50
1707-01-01,4.50
1708-01-01,4.50
1709-01-01,4.50
1710-01-01,4.50
1711-01-01,4.50
1712-01-01,4.50
1713-01-01,4.50
1714-01-01,4.50
1715-01-01,4.50
1716-01-01,4.29
1717-01-01,4.00
1718-01-01,4.00
1719-01-01,4.67
1720-01-01,5.00
1721-01-01,5.00
1722-01-01,5.00
1723-01-01,5.00
1724-01-01,5.00
1725-01-01,5.00
1726-01-01,5.00
1727-01-01,5.00
1728-01-01,5.00
1729-01-01,5.00
1730-01-01,5.00
1731-01-01,5.00
1732-01-01,5.00
1733-01-01,5.00
1734-01-01,5.00
1735-01-01,5.00
1736-01-01,5.00
1737-01-01,5.00
1738-01-01,5.00
1739-01-01,5.00
1740-01-01,5.00
1741-01-01,5.00
1742-01-01,5.00
1743-01-01,5.00
1744-01-01,5.00
1745-01-01,5.00
1746-01-01,5.00
1747-01-01,5.00
1748-01-01,5.00
1749-01-01,5.00
1750-01-01,5.00
1751-01-01,5.00
1752-01-01,5.00
1753-01-01,5.00
1754-01-01,5.00
1755-01-01,5.00
1756-01-01,5.00
1757-01-01,5.00
1758-01-01,5.00
1759-01-01,5.00
1760-01-01,5.00
1761-01-01,5.00
1762-01-01,5.00
1763-01-01,5.00
1764-01-01,5.00
1765-01-01,5.00
1766-01-01,5.00
1767-01-01,5.00
1768-01-01,5.00
1769-01-01,5.00
1770-01-01,5.00
1771-01-01,5.00
1772-01-01,5.00
1773-01-01,5.00
1774-01-01,5.00
1775-01-01,5.00
1776-01-01,5.00
1777-01-01,5.00
1778-01-01,5.00
1779-01-01,5.00
1780-01-01,5.00
1781-01-01,5.00
1782-01-01,5.00
1783-01-01,5.00
1784-01-01,5.00
1785-01-01,5.00
1786-01-01,5.00
1787-01-01,5.00
1788-01-01,5.00
1789-01-01,5.00
1790-01-01,5.00
1791-01-01,5.00
1792-01-01,5.00
1793-01-01,5.00
1794-01-01,5.00
1795-01-01,5.00
1796-01-01,5.00
1797-01-01,5.00
1798-01-01,5.00
1799-01-01,5.00
1800-01-01,5.00
1801-01-01,5.00
1802-01-01,5.00
1803-01-01,5.00
1804-01-01,5.00
1805-01-01,5.00
1806-01-01,5.00
1807-01-01,5.00
1808-01-01,5.00
1809-01-01,5.00
1810-01-01,5.00
1811-01-01,5.00
1812-01-01,5.00
1813-01-01,5.00
1814-01-01,5.00
1815-01-01,5.00
1816-01-01,5.00
1817-01-01,5.00
1818-01-01,5.00
1819-01-01,5.00
1820-01-01,5.00
1821-01-01,5.00
1822-01-01,4.42
1823-01-01,4.00
1824-01-01,4.00
1825-01-01,4.08
1826-01-01,5.00
1827-01-01,4.50
1828-01-01,4.00
1829-01-01,4.00
1830-01-01,4.00
1831-01-01,4.00
1832-01-01,4.00
1833-01-01,4.00
1834-01-01,4.00
1835-01-01,4.00
1836-01-01,4.39
1837-01-01,5.00
1838-01-01,4.12
1839-01-01,5.11
1840-01-01,5.06
1841-01-01,5.00
1842-01-01,4.26
1843-01-01,4.00
1844-01-01,3.52
1845-01-01,2.68
1846-01-01,3.33
1847-01-01,5.18
1848-01-01,3.72
1849-01-01,2.95
1850-01-01,2.51
1851-01-01,3.00
1852-01-01,2.15
1853-01-01,3.70
1854-01-01,5.12
1855-01-01,4.89
1856-01-01,5.95
1857-01-01,6.66
1858-01-01,3.21
1859-01-01,2.74
1860-01-01,4.19
1861-01-01,5.24
1862-01-01,2.53
1863-01-01,4.42
1864-01-01,7.35
1865-01-01,4.77
1866-01-01,6.94
1867-01-01,2.54
1868-01-01,2.10
1869-01-01,3.20
1870-01-01,3.10
1871-01-01,2.88
1872-01-01,4.10
1873-01-01,4.80
1874-01-01,3.70
1875-01-01,3.23
1876-01-01,2.60
1877-01-01,2.91
1878-01-01,3.78
1879-01-01,2.51
1880-01-01,2.76
1881-01-01,3.49
1882-01-01,4.15
1883-01-01,3.57
1884-01-01,2.96
1885-01-01,2.92
1886-01-01,3.06
1887-01-01,3.34
1888-01-01,3.31
1889-01-01,3.56
1890-01-01,4.52
1891-01-01,3.32
1892-01-01,2.52
1893-01-01,3.06
1894-01-01,2.11
1895-01-01,2.00
1896-01-01,2.48
1897-01-01,2.63
1898-01-01,3.25
1899-01-01,3.76
1900-01-01,3.96
1901-01-01,3.75
1902-01-01,3.33
1903-01-01,3.75
1904-01-01,3.29
1905-01-01,3.01
1906-01-01,4.27
1907-01-01,4.93
1908-01-01,3.00
1909-01-01,3.11
1910-01-01,3.72
1911-01-01,3.47
1912-01-01,3.78
1913-01-01,4.77
1914-01-01,4.04
1915-01-01,5.00
1916-01-01,5.47
1917-01-01,5.15
1918-01-01,5.00
1919-01-01,5.15
1920-01-01,6.71
1921-01-01,6.09
1922-01-01,3.69
1923-01-01,3.49
1924-01-01,4.00
1925-01-01,4.58
1926-01-01,5.00
1927-01-01,4.65
1928-01-01,4.50
1929-01-01,5.50
1930-01-01,3.41
1931-01-01,3.97
1932-01-01,3.00
1933-01-01,2.00
1934-01-01,2.00
1935-01-01,2.00
1936-01-01,2.00
1937-01-01,2.00
1938-01-01,2.00
1939-01-01,2.27
1940-01-01,2.00
1941-01-01,2.00
1942-01-01,2.00
1943-01-01,2.00
1944-01-01,2.00
1945-01-01,2.00
1946-01-01,2.00
1947-01-01,2.00
1948-01-01,2.00
1949-01-01,2.00
1950-01-01,2.00
1951-01-01,2.07
1952-01-01,3.71
1953-01-01,3.85
1954-01-01,3.18
1955-01-01,4.32
1956-01-01,5.37
1957-01-01,5.62
1958-01-01,5.39
1959-01-01,4.00
1960-01-01,5.35
1961-01-01,5.67
1962-01-01,4.86
1963-01-01,4.00
1964-01-01,5.06
1965-01-01,6.42
1966-01-01,6.47
1967-01-01,6.16
1968-01-01,7.47
1969-01-01,7.84
1970-01-01,7.23
1971-01-01,5.92
1972-01-01,5.88
1973-01-01,9.86
1974-01-01,11.95
1975-01-01,10.80
1976-01-01,11.73
1977-01-01,8.46
1978-01-01,9.14
1979-01-01,13.76
1980-01-01,16.30
1981-01-01,13.16
1982-01-01,11.95
1983-01-01,9.86
1984-01-01,9.67
1985-01-01,12.06
1986-01-01,10.74
1987-01-01,9.60
1988-01-01,9.95
1989-01-01,13.68
1990-01-01,14.64
1991-01-01,11.56
1992-01-01,9.43
1993-01-01,5.89
1994-01-01,5.34
1995-01-01,6.57
1996-01-01,5.88
1997-01-01,6.55
1998-01-01,7.23
1999-01-01,5.35
2000-01-01,5.96
2001-01-01,5.12
2002-01-01,4.00
2003-01-01,3.69
2004-01-01,4.38
2005-01-01,4.65
2006-01-01,4.64
2007-01-01,5.51
2008-01-01,4.67
2009-01-01,0.64
2010-01-01,0.50
2011-01-01,0.50
2012-01-01,0.50
2013-01-01,0.50
2014-01-01,0.50
2015-01-01,0.50
2016-01-01,0.40
